user_input,output,timestamp
What factors should I consider before buying an investment property,"It looks like my previous response covered the comprehensive checklist! 

Since you asked the same question again, were you hoping to dive deeper into a specific area, or perhaps look at a different angle of real estate investing? 

Here are a few specific directions we could take next:
1. **Running the Numbers:** We can walk through a real-world financial example (using a hypothetical purchase price, rent, and expenses) to see how cash flow is calculated.
2. **Financing Strategies:** We can discuss how to fund the deal (conventional loans, working with partners, seller financing, or the BRRRR method).
3. **Property Types:** We can weigh the pros and cons of single-family homes vs. multi-family units (duplexes/triplexes) vs. short-term rentals (Airbnb).
4. **Your Specific Market:** If you have a city or neighborhood in mind, we can discuss the high-level macro factors you should look for there.

Let me know what you'd like to focus on next!",2026-09-24 06:18:57.971542
